<keymap version="1" name="Emacs コピー" parent="Emacs">
  <action id="$Undo">
    <keyboard-shortcut first-keystroke="shift ctrl minus" />
    <keyboard-shortcut first-keystroke="ctrl slash" />
    <keyboard-shortcut first-keystroke="ctrl x" second-keystroke="ctrl u" />
  </action>
  <action id="JupyterNotebookCutCellCommandModeAction">
    <keyboard-shortcut first-keystroke="x" />
  </action>
  <action id="エディター Undo">
    <keyboard-shortcut first-keystroke="ctrl x" second-keystroke="ctrl u" />
  </action>
</keymap>